;
CREATE USER IF NOT EXISTS SA SALT '7634ec3439f7d1ac' HASH '3c3671cd931338da16b57d05489292f4faf3e88ae093e624320530a7de391298' ADMIN;
CREATE SEQUENCE PUBLIC.SYSTEM_SEQUENCE_3DB61753_5CFE_4522_9AA9_B6F78C49A5E4 START WITH 33 BELONGS_TO_TABLE;
CREATE SEQUENCE PUBLIC.SYSTEM_SEQUENCE_2B5656C5_81B4_43FF_90C9_F33E6ED5F60E START WITH 33 BELONGS_TO_TABLE;
CREATE CACHED TABLE PUBLIC.SECTOR(
    ID BIGINT DEFAULT (NEXT VALUE FOR PUBLIC.SYSTEM_SEQUENCE_3DB61753_5CFE_4522_9AA9_B6F78C49A5E4) NOT NULL NULL_TO_DEFAULT SEQUENCE PUBLIC.SYSTEM_SEQUENCE_3DB61753_5CFE_4522_9AA9_B6F78C49A5E4,
    NAME VARCHAR(255)
);
ALTER TABLE PUBLIC.SECTOR ADD CONSTRAINT PUBLIC.CONSTRAINT_9 PRIMARY KEY(ID);
-- 4 +/- SELECT COUNT(*) FROM PUBLIC.SECTOR;
INSERT INTO PUBLIC.SECTOR(ID, NAME) VALUES
(1, 'Service'),
(2, 'Construction materials'),
(3, 'Electronics and Optics'),
(4, 'Manufacturing');
CREATE CACHED TABLE PUBLIC.SECTOR_SUB_SECTORS(
    SECTOR_ID BIGINT NOT NULL,
    SUB_SECTORS_ID BIGINT NOT NULL
);
-- 2 +/- SELECT COUNT(*) FROM PUBLIC.SECTOR_SUB_SECTORS;
INSERT INTO PUBLIC.SECTOR_SUB_SECTORS(SECTOR_ID, SUB_SECTORS_ID) VALUES
(4, 2),
(4, 3);
CREATE CACHED TABLE PUBLIC.USER(
    ID BIGINT DEFAULT (NEXT VALUE FOR PUBLIC.SYSTEM_SEQUENCE_2B5656C5_81B4_43FF_90C9_F33E6ED5F60E) NOT NULL NULL_TO_DEFAULT SEQUENCE PUBLIC.SYSTEM_SEQUENCE_2B5656C5_81B4_43FF_90C9_F33E6ED5F60E,
    CREATE_DATE_TIME TIMESTAMP,
    NAME VARCHAR(255),
    UPDATE_DATE_TIME TIMESTAMP
);
ALTER TABLE PUBLIC.USER ADD CONSTRAINT PUBLIC.CONSTRAINT_2 PRIMARY KEY(ID);
-- 5 +/- SELECT COUNT(*) FROM PUBLIC.USER;
INSERT INTO PUBLIC.USER(ID, CREATE_DATE_TIME, NAME, UPDATE_DATE_TIME) VALUES
(1, TIMESTAMP '2017-12-31 11:14:05.741', STRINGDECODE('Kaur Laanem\u00e4e'), TIMESTAMP '2017-12-31 11:14:05.743'),
(2, TIMESTAMP '2017-12-31 11:14:30.906', 'Henry Kaasik', TIMESTAMP '2017-12-31 11:14:30.906'),
(3, TIMESTAMP '2017-12-31 11:14:55.902', 'James Bond', TIMESTAMP '2017-12-31 11:14:55.902'),
(4, TIMESTAMP '2017-12-31 11:15:25.642', 'John Wick', TIMESTAMP '2017-12-31 11:15:25.642'),
(5, TIMESTAMP '2017-12-31 11:16:16.651', 'George Smiley', TIMESTAMP '2017-12-31 11:16:16.651');
CREATE CACHED TABLE PUBLIC.USER_SECTORS(
    USER_ID BIGINT NOT NULL,
    SECTORS_ID BIGINT NOT NULL
);
-- 11 +/- SELECT COUNT(*) FROM PUBLIC.USER_SECTORS;
INSERT INTO PUBLIC.USER_SECTORS(USER_ID, SECTORS_ID) VALUES
(1, 3),
(1, 4),
(2, 3),
(2, 4),
(3, 1),
(3, 2),
(4, 1),
(4, 2),
(4, 3),
(4, 4),
(5, 2);
ALTER TABLE PUBLIC.SECTOR_SUB_SECTORS ADD CONSTRAINT PUBLIC.UK_FPJI4L0ERJMDWFOLWLK3TV1 UNIQUE(SUB_SECTORS_ID);
ALTER TABLE PUBLIC.USER_SECTORS ADD CONSTRAINT PUBLIC.FKN6OM5RRBGD4A6ELF1MQ70G0KB FOREIGN KEY(USER_ID) REFERENCES PUBLIC.USER(ID) NOCHECK;
ALTER TABLE PUBLIC.SECTOR_SUB_SECTORS ADD CONSTRAINT PUBLIC.FKPR9JYUQARXT9ILJ8P01Q8FD9R FOREIGN KEY(SECTOR_ID) REFERENCES PUBLIC.SECTOR(ID) NOCHECK;
ALTER TABLE PUBLIC.SECTOR_SUB_SECTORS ADD CONSTRAINT PUBLIC.FKDG35G6BV4TGNA0AO2L5E4IV59 FOREIGN KEY(SUB_SECTORS_ID) REFERENCES PUBLIC.SECTOR(ID) NOCHECK;
ALTER TABLE PUBLIC.USER_SECTORS ADD CONSTRAINT PUBLIC.FK4ODBLUHYY3LP2RALWR72G1NGR FOREIGN KEY(SECTORS_ID) REFERENCES PUBLIC.SECTOR(ID) NOCHECK;
